,Votes,Aggregate rating
Votes,1.0,0.31369058419540985
Aggregate rating,0.31369058419540985,1.0
