,Votes,Aggregate rating
count,9551.0,9551.0
mean,156.909747670401,2.66637001361114
std,430.1691453762977,1.5163775396521686
min,0.0,0.0
25%,5.0,2.5
50%,31.0,3.2
75%,131.0,3.7
max,10934.0,4.9
