Category,Percentage,Average Ratings
With Online Delivery,25.662234321013504,3.2488372093023257
Without Online Delivery,74.33776567898649,2.465295774647887
