Cuisine,Restaurant Count,Percentage
North Indian,2992,31.35610983022427
 Chinese,1880,19.702368476210438
 Fast Food,1314,13.770697966883253
